{"cameraMode":{"drawMode":0,"name":"Shaded","section":"Shading Mode"},"sceneLighting":true,"audioPlay":false,"sceneViewState":{"showFog":true,"showMaterialUpdate":false,"showSkybox":true,"showFlares":true,"showImageEffects":true,"showParticleSystems":true,"showVisualEffectGraphs":true,"m_FxEnabled":true},"in2DMode":false,"pivot":{"x":-0.5066716074943543,"y":0.3361775875091553,"z":0.4374864101409912},"rotation":{"x":-0.09168379008769989,"y":0.17736737430095673,"z":-0.01659799925982952,"w":-0.9797249436378479},"size":1.3427138328552247,"orthographic":false}